{
  "name": "Бойцовая рыбка",
  "icon": "wildlife:raw_bettafish",
  "category": "wildlife:aquatic_creatures",
  "read_by_default": true,
  "pages": [
    {
      "type": "patchouli:text",
      "text": "Пресноводная рыба, которая удивительно хорошо переносит низкий уровень кислорода и плохое качество воды. У этих рыб есть уникальный лабиринтный орган, который позволяет им при необходимости дышать воздухом с поверхности.$(br2) Несмотря на то, что эти маленькие рыбки являются популярными домашними животными, они известны своей территориальностью, и их не следует содержать парами, если они размещены в аквариумах."
    },
    {
      "type": "patchouli:image",
      "images": ["wildlife:textures/gui/entries/illustrations/bettafish.png"],
      "title": "Бойцовая рыбка",
      "text": "$(br)Бойцовая рыбка.",
      "border": true
    }
  ]
}