{
  "name": "Сом",
  "icon": "wildlife:raw_catfish",
  "category": "wildlife:aquatic_creatures",
  "read_by_default": true,
  "pages": [
    {
      "type": "patchouli:text",
      "text": "Донноядная рыба, получившая своё название благодаря выдающимся усам, напоминающим усы кота.$(br2)У сомов нет чешуи, но у них есть хеморецепторы по всему телу, позволяющие им «чувствовать вкус» предметов, с которыми они соприкасаются, и «чувствовать запах» химических веществ в воде.$(br2)У многих видов сомов есть ядовитые иглы в спинных плавниках, которые можно использовать для защиты от агрессоров."
    },
    {
      "type": "patchouli:image",
      "images": ["wildlife:textures/gui/entries/illustrations/catfish.png"],
      "title": "Сом",
      "text": "$(br)Сом.",
      "border": true
    }
  ]
}
