{
  "name": "Коса",
  "icon": "simplyswords:iron_scythe",
  "category": "simplyswords:category_weapon_variants",
  "pages": [
    {
      "type": "patchouli:spotlight",
      "item": "simplyswords:iron_scythe",
      "text": "Коса известна своей способностью наносить сокрушительный урон при каждом ударе благодаря своему весу и остро заточенному лезвию. Коса может использоваться для режущих и колющих ударов в широком радиусе, благодаря особо крупному изогнутому лезвию и длинной рукоятке."
    },
    {
      "type": "patchouli:crafting",
      "recipe": "simplyswords:iron_scythe",
      "recipe2": "simplyswords:gold_scythe"
    },
    {
      "type": "patchouli:crafting",
      "recipe": "simplyswords:diamond_scythe"
    },
    {
      "type": "patchouli:smithing",
      "recipe": "simplyswords:netherite_scythe",
      "recipe2": "simplyswords:runic_scythe"
    }
  ]
}