{
  "name": "Алебарда",
  "icon": "simplyswords:iron_halberd",
  "category": "simplyswords:category_weapon_variants",
  "pages": [
    {
      "type": "patchouli:spotlight",
      "item": "simplyswords:iron_halberd",
      "text": "Алебарда — это разновидность древкового оружия, которое имеет длинное древко с острым крючковатым лезвием на одном конце и лезвием топора на другом. Благодаря своей универсальности и длине алебарда является грозным оружием в руках опытного воина."
    },
    {
      "type": "patchouli:crafting",
      "recipe": "simplyswords:iron_halberd",
      "recipe2": "simplyswords:gold_halberd"
    },
    {
      "type": "patchouli:crafting",
      "recipe": "simplyswords:diamond_halberd"
    },
    {
      "type": "patchouli:smithing",
      "recipe": "simplyswords:netherite_halberd",
      "recipe2": "simplyswords:runic_halberd"
    }
  ]
}