{
  "name": "Большой молот",
  "icon": "simplyswords:iron_greathammer",
  "category": "simplyswords:category_weapon_variants",
  "pages": [
    {
      "type": "patchouli:spotlight",
      "item": "simplyswords:iron_greathammer",
      "text": "Большой молот известен тем, что благодаря своей массе и размерам способен наносить сокрушительный урон при каждом ударе. Он традиционно использовался пехотой и тяжелой кавалерией в средневековых войнах, а также кузнецами, каменщиками и другими рабочими для нанесения тяжелых ударов."
    },
    {
      "type": "patchouli:crafting",
      "recipe": "simplyswords:iron_greathammer",
      "recipe2": "simplyswords:gold_greathammer"
    },
    {
      "type": "patchouli:crafting",
      "recipe": "simplyswords:diamond_greathammer"
    },
    {
      "type": "patchouli:smithing",
      "recipe": "simplyswords:netherite_greathammer",
      "recipe2": "simplyswords:runic_greathammer"
    }
  ]
}