{
  "name": "Клеймор",
  "icon": "simplyswords:iron_claymore",
  "category": "simplyswords:category_weapon_variants",
  "pages": [
    {
      "type": "patchouli:spotlight",
      "item": "simplyswords:iron_claymore",
      "text": "Клеймор предназначен для нанесения как колющих, так и рубящих ударов и использовался шотландскими воинами в бою. Его размеры и вес делают его мощным оружием, способным наносить сокрушительные удары противнику."
    },
    {
      "type": "patchouli:crafting",
      "recipe": "simplyswords:iron_claymore",
      "recipe2": "simplyswords:gold_claymore"
    },
    {
      "type": "patchouli:crafting",
      "recipe": "simplyswords:diamond_claymore"
    },
    {
      "type": "patchouli:smithing",
      "recipe": "simplyswords:netherite_claymore",
      "recipe2": "simplyswords:runic_claymore"
    }
  ]
}