{
  "name": "Обоюдоострый клинок",
  "icon": "simplyswords:iron_twinblade",
  "category": "simplyswords:category_weapon_variants",
  "pages": [
    {
      "type": "patchouli:spotlight",
      "item": "simplyswords:iron_twinblade",
      "text": "Обоюдоострый клинок — это оружие, для эффективного владения которым требуется высокий уровень мастерства и ловкости. Обоюдоострый клинок отличается быстротой и точностью боя, что делает его грозным оружием в умелых руках."
    },
    {
      "type": "patchouli:crafting",
      "recipe": "simplyswords:iron_twinblade",
      "recipe2": "simplyswords:gold_twinblade"
    },
    {
      "type": "patchouli:crafting",
      "recipe": "simplyswords:diamond_twinblade"
    },
    {
      "type": "patchouli:smithing",
      "recipe": "simplyswords:netherite_twinblade",
      "recipe2": "simplyswords:runic_twinblade"
    }
  ]
}