{
  "name": "Сай",
  "icon": "simplyswords:iron_sai",
  "category": "simplyswords:category_weapon_variants",
  "pages": [
    {
      "type": "patchouli:spotlight",
      "item": "simplyswords:iron_sai",
      "text": "Сай — универсальное оружие, требующее высокого уровня мастерства и подготовки для эффективного владения. Оно известно своей способностью отражать и ловить оружие противника, что позволяет владельцу получить преимущество в бою. Благодаря небольшим размерам и простоте обращения его можно использовать в ограниченном пространстве и в ближнем бою."
    },
    {
      "type": "patchouli:crafting",
      "recipe": "simplyswords:iron_sai",
      "recipe2": "simplyswords:gold_sai"
    },
    {
      "type": "patchouli:crafting",
      "recipe": "simplyswords:diamond_sai"
    },
    {
      "type": "patchouli:smithing",
      "recipe": "simplyswords:netherite_sai",
      "recipe2": "simplyswords:runic_sai"
    }
  ]
}