{
  "name": "Круг огня",
  "icon": "twilightforest:torchberries",
  "category": "twilightdelight:effects",
  "pages": [
	{
	  "type": "patchouli:text",
	  "text": "Этот эффект не позволит игроку загореться, но при этом поджигает всех врагов вокруг вас. Обратите внимание, что этот эффект не защищает от урона, наносимого огнём.$(br2)Область действия эффекта обозначена частицами пламени."
	},
	{
	  "type": "patchouli:spotlight",
	  "item": "twilightforest:torchberries",
	  "text": "Эффект можно получить выпив напитки или съев блюда из факелонтов."
	}
  ]
}