{
  "name": "Круг заморозки",
  "icon": "twilightforest:ice_bomb",
  "category": "twilightdelight:effects",
  "pages": [
	{
	  "type": "patchouli:text",
	  "text": "Этот эффект будет защищать игрока это эффекта \"Обморожение\" и будет накладывать эффект \"Обморожение V\" на всех врагов вокруг, обездвиживая их.$(br2)Область действия эффекта обозначена частицами снежинок."
	},
	{
	  "type": "patchouli:spotlight",
	  "item": "twilightforest:ice_bomb",
	  "text": "Эффект можно получить выпив напитки или съев блюда из ледяной бомбы.$(br2)Если на вас есть этот эффект, то вы сможете заморозить лежащие неподалёку на земле предметы. Смотрите в JEI \"Ледниковый чай\", для дополнительной информации."
	}
  ]
}