{
  "name": "Круг яда",
  "icon": "twilightforest:steeleaf_ingot",
  "category": "twilightdelight:effects",
  "pages": [
	{
	  "type": "patchouli:text",
	  "text": "Этот эффект защищает игрока от эффекта \"Отравление\" и будет накладывать эффект \"Отравление\" на всех врагов вокруг. Он наносит урон гораздо быстрее, чем обычное \"Отравление\".$(br2)Область действия эффекта обозначена зелёными частицами."
	},
	{
	  "type": "patchouli:spotlight",
	  "item": "twilightforest:steeleaf_ingot",
	  "text": "Эффект можно получить выпив напитки или съев блюда из стального листа."
	}
  ]
}