{
  "name": "Получение эксперимента 115",
  "icon": "twilightforest:experiment_115",
  "category": "twilightdelight:tricks",
  "pages": [
	{
	  "type": "patchouli:text",
	  "text": "Вы можете получать эксперимент 115, путём разделывания гаста-стаража, гастлинга, и гаста, с разной вероятностью."
	},
	{
	  "type": "patchouli:spotlight",
	  "item": "twilightforest:experiment_115",
	  "text": "С помощью ножа с зачарованием \"Шёлковое касание\", вы можете разрезать эксперимент 115 на куски, увеличивая их количество."
	}
  ]
}