{
  "name": "Хладопад",
  "icon": "simplyswords:frostfall",
  "advancement": "simplyswords:frostfall",
  "category": "simplyswords:category_unique_weapons",
  "pages": [
    {
      "type": "patchouli:spotlight",
      "item": "simplyswords:frostfall",
      "text": "Хладопад — это мощный молот, использующий силу льда для замораживания врагов. Молот изготовлен из редкого металла, способного выдерживать сильный холод. Головка молота пропитана силой льда, что позволяет ей замораживать всё, что попадает под удар."
    },
    {
      "type": "patchouli:text",
      "text": "Уникальное свойство молота — способность заключать своего владельца в защитный слой льда, повышая его регенерацию и сопротивляемость. Считается, что молот был создан могущественным волшебником, который наделил его силой зимы, сделав грозным оружием на поле боя."
    }
  ]
}