{
  "name": "Зоркий боевой клинок",
  "icon": "simplyswords:watching_warglaive",
  "advancement": "simplyswords:watching_warglaive",
  "category": "simplyswords:category_unique_weapons",
  "pages": [
    {
      "type": "patchouli:spotlight",
      "item": "simplyswords:watching_warglaive",
      "text": "Зоркий боевой клинок — это мощное и смертоносное оружие, предназначенное для опытных и свирепых воинов. Клинки с двумя моргающими глазами в центре, изготовленный из тёмного, почти чёрного металла, который словно поглощает окружающий свет."
    },
    {
      "type": "patchouli:text",
      "text": "Зоркий боевой клинок способен вытягивать здоровье из ближайших врагов и передавать его своему владельцу, что позволяет ему дольше оставаться в бою. Кроме того, боевой клинок имеет шанс мгновенно казнить противника, нанося мощный критический удар, который может мгновенно закончить бой."
    }
  ]
}