{
  "name": "Раздиратель душ",
  "icon": "simplyswords:soulrender",
  "advancement": "simplyswords:soulrender",
  "category": "simplyswords:category_unique_weapons",
  "pages": [
    {
      "type": "patchouli:spotlight",
      "item": "simplyswords:soulrender",
      "text": "Считается, что клинок Раздирателя душ изготовлен из таинственного чёрного металла, светящегося зловещей энергией, и способен рассекать не только плоть и кости, но и саму сущность человека."
    },
    {
      "type": "patchouli:text",
      "text": "После разрыва души жертва остаётся ослабленной как физически, так и духовно. Считается, что косой владеют могущественные некроманты, которые с её помощью вылавливают души своих врагов и используют их в своих целях. Это оружие огромной силы, и пользоваться им следует с осторожностью, так как его способность извлекать души может пагубно отразиться на душе самого владельца."
    }
  ]
}