{
  "name": "Душекрад",
  "icon": "simplyswords:soulstealer",
  "advancement": "simplyswords:soulstealer",
  "category": "simplyswords:category_unique_weapons",
  "pages": [
    {
      "type": "patchouli:spotlight",
      "item": "simplyswords:soulstealer",
      "text": "Душекрад — мощное и загадочное оружие, способное, по преданию, похищать души своих жертв и манипулировать их восприятием. Считается, что это мощный инструмент манипуляции и перемещения, способный затуманить разум тех, на кого он нацелен, и сделать их слепыми к присутствию его владельца."
    },
    {
      "type": "patchouli:text",
      "text": "Точная природа и возможности Душекрада практически не изучены, поскольку это очень востребованное и неуловимое оружие, которым, как говорят, владеют только самые могущественные и зловещие личности."
    }
  ]
}