{
  "name": "Ледяной шёпот",
  "icon": "simplyswords:icewhisper",
  "advancement": "simplyswords:icewhisper",
  "category": "simplyswords:category_unique_weapons",
  "pages": [
    {
      "type": "patchouli:spotlight",
      "item": "simplyswords:icewhisper",
      "text": "Ледяной шёпот — это смертоносная алебарда, излучающая вокруг владельца изнуряющую морозную ауру. Эта аура замедляет движения противников, облегчая нанесение ударов и делая их уязвимыми для последующих атак."
    },
    {
      "type": "patchouli:text",
      "text": "Помимо леденящего душу присутствия, алебарда способна вызывать метель, окутывающую поле боя ледяной и снежной бурей. Такая метель не только наносит урон противнику, но и затрудняет его видимость и передвижение, обеспечивая владельцу тактическое преимущество. Считается, что алебарда выкована из чистейшего льда и мерцает холодным голубым светом."
    }
  ]
}