{
  "name": "Терновник",
  "icon": "simplyswords:bramblethorn",
  "advancement": "simplyswords:bramblethorn",
  "category": "simplyswords:category_unique_weapons",
  "pages": [
    {
      "type": "patchouli:spotlight",
      "item": "simplyswords:bramblethorn",
      "text": "Терновник — уникальная и смертоносная рапира, которая кажется простым прутиком, но таит в себе могущественный секрет. Изготовленная из редкого зачарованного дерева, легкая и прочная, она способна наносить быстрые и смертоносные удары."
    },
    {
      "type": "patchouli:text",
      "text": "Способность рапиры выпускать облако ядовитых спор одним движением руки может отравить и обезвредить любого врага, осмелившегося приблизиться к ней. Кроме владельца, споры не знают различий, поэтому будьте осторожны, применяя рапиру рядом с теми, чья жизнь вам дорога."
    }
  ]
}