{
  "name": "Чумной длинный меч",
  "icon": "simplyswords:toxic_longsword",
  "advancement": "simplyswords:longsword_plague",
  "category": "simplyswords:category_unique_weapons",
  "pages": [
    {
      "type": "patchouli:spotlight",
      "item": "simplyswords:toxic_longsword",
      "text": "Чумной длинный меч — это проклятое оружие, способное превращать положительные эффекты, такие как регенерация или сопротивление, на врагах в отрицательные эффекты. В результате враги становятся ослабленными и уязвимыми, что дает владельцу оружие преимущество в бою."
    },
    {
      "type": "patchouli:text",
      "text": "Считается, что меч выкован из останков жертв чумы и пропитан тёмной магией. Излучая зловещую ауру разложения, это оружие идеально подходит для воинов, желающих уничтожить своих врагов и переломить ход битвы."
    }
  ]
}