{
  "name": "Горнило",
  "icon": "simplyswords:hearthflame",
  "advancement": "simplyswords:hearthflame",
  "category": "simplyswords:category_unique_weapons",
  "pages": [
    {
      "type": "patchouli:spotlight",
      "item": "simplyswords:hearthflame",
      "text": "Горнило — мощный молот, наделённый способностью вызывать разрушительные толчки. При взмахе он посылает пульсации силы, которые тянут врагов к нему, а затем воспламеняют их огненным взрывом."
    },
    {
      "type": "patchouli:text",
      "text": "Взрыв не только наносит огромный урон, но и отбрасывает противника от владельца, давая возможность переместиться или преследовать другие цели. Считается, что молот выкован из самого жаркого пламени земли, и от него исходит аура жара. Это оружие идеально подходит для воинов, желающих наносить огромный урон и контролировать поле боя."
    }
  ]
}