{
  "name": "Клинок бури",
  "icon": "simplyswords:storms_edge",
  "advancement": "simplyswords:storms_edge",
  "category": "simplyswords:category_unique_weapons",
  "pages": [
    {
      "type": "patchouli:spotlight",
      "item": "simplyswords:storms_edge",
      "text": "По преданию, Клинок бури выкован из редкого металла, способного передавать и использовать электрическую энергию. Рукоятка выполнена из тёмного дерева и обтянута кожей."
    },
    {
      "type": "patchouli:text",
      "text": "Обоюдоострый клинок способен накапливать электричество, и с помощью командного слова или силы воли владелец может выпустить его, чтобы совершить рывок вперёд, быстро сокращая дистанцию с противником и становясь временно неуязвимым для всех атак."
    }
  ]
}