{
  "name": "Пламенный клеймор",
  "icon": "simplyswords:brimstone_claymore",
  "advancement": "simplyswords:brimstone",
  "category": "simplyswords:category_unique_weapons",
  "pages": [
    {
      "type": "patchouli:spotlight",
      "item": "simplyswords:brimstone_claymore",
      "text": "Пламенный клеймор — это страшное оружие, использующее силу расплавленной серы для нанесения сокрушительного урона противнику. Лезвие клеймора пропитано силой серы, что позволяет ему извергать расплавленную лаву при каждом ударе."
    },
    {
      "type": "patchouli:text",
      "text": "Это очень тяжёлое оружие, требующее сильного владельца, и пользоваться им следует с осторожностью, так как его сила может нанести серьезный ущерб окружающей среде и всем, кто находится рядом с ним. Только самые опытные и сильные воины могут эффективно использовать Пламенный клеймор."
    }
  ]
}