{
  "name": "Погребатель душ",
  "icon": "simplyswords:soulpyre",
  "advancement": "simplyswords:soulpyre",
  "category": "simplyswords:category_unique_weapons",
  "pages": [
    {
      "type": "patchouli:spotlight",
      "item": "simplyswords:soulpyre",
      "text": "Погребатель душ — это мощный и древний топор, в котором, по преданию, заключена сила душ, перемещения и огня. Считается, что топор выкован из редкого и мистического металла, пронизанного энергией бесчисленных душ."
    },
    {
      "type": "patchouli:text",
      "text": "Топор обладает способностью переносить души своих жертв, позволяя владельцу меняться местами с врагами. Топор также способен высвобождать души, заключенные в нём, выпуская разрушительную волну огненной энергии, способную испепелить всё поле боя."
    }
  ]
}