{
  "name": "Левиафан",
  "icon": "simplyswords:livyatan",
  "advancement": "simplyswords:livyatan",
  "category": "simplyswords:category_unique_weapons",
  "pages": [
    {
      "type": "patchouli:spotlight",
      "item": "simplyswords:livyatan",
      "text": "Левиафан это — страшный топор, способный замораживать врагов и разрушать их, нанося невероятный урон. При каждом ударе топор может посылать волну замораживающей энергии, которая охватывает ближайшие цели, полностью лишая их возможности двигаться."
    },
    {
      "type": "patchouli:text",
      "text": "По желанию владельца топор разбивает врагов на куски, нанося сокрушительный урон. Считается, что топор выкован из сердца легендарного существа и светится холодным голубым светом. Это оружие идеально подходит для воинов, которые хотят наносить огромный урон и контролировать поле боя, замораживая и разбивая врагов."
    }
  ]
}