{
  "name": "Вестник шторма",
  "icon": "simplyswords:stormbringer",
  "advancement": "simplyswords:stormbringer",
  "category": "simplyswords:category_unique_weapons",
  "pages": [
    {
      "type": "patchouli:spotlight",
      "item": "simplyswords:stormbringer",
      "text": "Раздвоенное лезвие меча пропитано мощной электрической энергией, которая трещит и выгибается дугой при каждом ударе. Считается, что меч особенно эффективен в бою во время грозы, когда его владелец может использовать всю мощь молний."
    },
    {
      "type": "patchouli:text",
      "text": "Меч обладает огромной силой, но при этом непредсказуем: известно, что его электрический заряд может вылететь дугой в сторону пользователя, что часто приводит к летальному исходу."
    }
  ]
}