{
  "name": "Тлеющий клинок",
  "icon": "simplyswords:emberblade",
  "advancement": "simplyswords:emberblade",
  "category": "simplyswords:category_unique_weapons",
  "pages": [
    {
      "type": "patchouli:spotlight",
      "item": "simplyswords:emberblade",
      "text": "Тлеющий клинок — мощный длинный меч, наделённый силой огня. Клинок выкован из редкого металла, способного выдерживать сильный жар окружающего его пламени. Известно, что Тлеющий клинок способен охватить своего владельца пламенем и придать ему большую силу и скорость."
    },
    {
      "type": "patchouli:text",
      "text": "Говорят, что меч выбирает своего владельца, и только тот, кто достоин его, может им владеть. Однако слишком долгое использование способностей меча может привести к тому, что владелец потеряет контроль над собой и будет охвачен пламенем, что приведет к ужасающей гибели."
    }
  ]
}