{
  "name": "Фламберг",
  "icon": "simplyswords:twisted_blade",
  "advancement": "simplyswords:twisted_blade",
  "category": "simplyswords:category_unique_weapons",
  "pages": [
    {
      "type": "patchouli:spotlight",
      "item": "simplyswords:twisted_blade",
      "text": "Фламберг — грозный меч, известный своей уникальной и смертоносной конструкцией. Лезвие меча изготовлено из особого вида стали, известной своей способностью изгибаться и деформироваться при каждом ударе."
    },
    {
      "type": "patchouli:text",
      "text": "Изгибы придают мечу беспрецедентную скорость и мощь, делая его одним из самых смертоносных видов оружия на поле боя. Способность меча увеличивать скорость с каждым ударом делает его невероятно смертоносным, поскольку позволяет быстро ослабить защиту противника и нанести смертельный удар. Кроме того, уникальная конструкция меча делает его невероятно сложным для блокирования и парирования."
    }
  ]
}