{
  "name": "Мьёльнир",
  "icon": "simplyswords:mjolnir",
  "advancement": "simplyswords:mjolnir",
  "category": "simplyswords:category_unique_weapons",
  "pages": [
    {
      "type": "patchouli:spotlight",
      "item": "simplyswords:mjolnir",
      "text": "Мьёльнир был выкован гномами Броком и Эйтри и подарен богу грома Тору. Мьёльнир — оружие невероятной силы, способное одним ударом сравнять с землёй целые горы, если им владеет достойный человек."
    },
    {
      "type": "patchouli:text",
      "text": "В более слабых руках он всё ещё способен вызывать молнию, когда идёт дождь, и возвращаться к своему владельцу, хотя и со значительно меньшей дальностью и скоростью. Может быть, вам лучше вернуть его настоящему владельцу?"
    }
  ]
}