{
  "name": "Шелест ветра",
  "icon": "simplyswords:whisperwind",
  "advancement": "simplyswords:whisperwind",
  "category": "simplyswords:category_unique_weapons",
  "pages": [
    {
      "type": "patchouli:spotlight",
      "item": "simplyswords:whisperwind",
      "text": "Шепчущий ветер, бесплотный клинок, танцующий с ветром, наделяет своего владельца непревзойдённой ловкостью и загадочной силой. Когда катана рассекает воздух, раздается слабая мелодия, словно доносимая лёгким ветерком. С каждым стремительным взмахом катаны чувства противника поражаются, и он становится дезориентированным и уязвимым."
    }
  ]
}