{
  "name": "Хранитель душ",
  "icon": "simplyswords:soulkeeper",
  "advancement": "simplyswords:soulkeeper",
  "category": "simplyswords:category_unique_weapons",
  "pages": [
    {
      "type": "patchouli:spotlight",
      "item": "simplyswords:soulkeeper",
      "text": "Считается, что Хранитель душ изготовлен из таинственного материала, способного поглощать души павших, создавая связь между владельцем и душами. Души, поглощенные молотом, служат защитным щитом, поглощая часть урона, наносимого владельцу."
    },
    {
      "type": "patchouli:text",
      "text": "Молот также способен посылать эти души, чтобы ослабить и замедлить ближайших врагов. Сам молот — массивный и внушительный, приоткрывающий окно в колодец душ. Молот окружает жуткая аура, и считается, что это оружие — выбор тех, кто хочет овладеть силой душ и использовать её в бою."
    }
  ]
}