{
  "name": "Чародей",
  "icon": "simplyswords:arcanethyst",
  "advancement": "simplyswords:arcanethyst",
  "category": "simplyswords:category_unique_weapons",
  "pages": [
    {
      "type": "patchouli:spotlight",
      "item": "simplyswords:arcanethyst",
      "text": "Чародей — мощная алебарда, использующая силу магии для манипулирования противником, сходную с телекинезом. Алебарда изготовлена из зачарованного аметиста — редкого и ценного самоцвета, известного своей способностью направлять магическую энергию."
    },
    {
      "type": "patchouli:text",
      "text": "Уникальная способность алебарды поднимать врагов над землей с помощью волны магической энергии делает их уязвимыми для последующих атак. Эта алебарда считается мощным орудием разрушения, но для раскрытия её потенциала требуется поглощение силы из плоти врагов."
    }
  ]
}