{
  "name": "Громовержец",
  "icon": "simplyswords:thunderbrand",
  "advancement": "simplyswords:thunderbrand",
  "category": "simplyswords:category_unique_weapons",
  "pages": [
    {
      "type": "patchouli:spotlight",
      "item": "simplyswords:thunderbrand",
      "text": "Громовой меч — легендарная алебарда, использующая силу грома. Алебарда изготовлена из редкого металла, способного легко проводить электричество, а рукоятка обмотана специальным изоляционным материалом, позволяющим владельцу надежно удерживать алебарду."
    },
    {
      "type": "patchouli:text",
      "text": "Способность алебарды мчаться вперёд с невероятной скоростью позволяет владельцу сократить дистанцию и нанести смертоносный удар. Кроме того, алебарда способна выпускать мощный заряд электричества, способный поразить сразу несколько врагов, что делает её грозным оружием на поле боя."
    }
  ]
}