{
  "name": "Смотритель",
  "icon": "simplyswords:watcher_claymore",
  "advancement": "simplyswords:the_watcher",
  "category": "simplyswords:category_unique_weapons",
  "pages": [
    {
      "type": "patchouli:spotlight",
      "item": "simplyswords:watcher_claymore",
      "text": "Смотритель — это большой меч с жутким моргающим глазом на рукоятке, который, по преданию, является источником его силы. Лезвие изготовлено из тёмного, почти чёрного металла, который, кажется, поглощает свет вокруг себя."
    },
    {
      "type": "patchouli:text",
      "text": "Известно, что Смотритель способен мгновенно уничтожить любого врага одним ударом, но, как утверждается, это происходит только тогда, когда владелец находится в состоянии чистого сосредоточения и когда враг находится в критическом состоянии. Считается, что только настоящий воин, обладающий сильной волей и жаждой власти, может овладеть Смотрителем и использовать весь его потенциал."
    }
  ]
}