{
  "name": "Дремлющий клинок лича",
  "icon": "simplyswords:slumbering_lichblade",
  "advancement": "simplyswords:slumbering_lichblade",
  "category": "simplyswords:category_unique_weapons",
  "pages": [
    {
      "type": "patchouli:spotlight",
      "item": "simplyswords:slumbering_lichblade",
      "text": "Дремлющий клинок лича — это большой меч, излучающий ауру истерзанных душ и наносящий урон врагам, подошедшим слишком близко. Считается, что этот меч был создан из останков могущественного лича и напитан силой поглощенных им душ. Иногда от клинка можно услышать зловещий шепот."
    },
    {
      "type": "patchouli:text",
      "text": "Однако в настоящее время меч находится в спящем состоянии, и его истинная сила запечатана. С помощью специального ритуала или процесса создания владелец может пробудить меч и раскрыть его способности. После пробуждения аура меча может быть направлена на врага, отнимая у него жизненную силу и передавая её владельцу. Это оружие огромной силы, и пользоваться им следует с осторожностью."
    },
    {
      "type": "patchouli:crafting",
      "recipe": "simplyswords:waking_lichblade",
      "recipe2": "simplyswords:awakened_lichblade"
    }
  ]
}