{
  "name": "Теневое жало",
  "icon": "simplyswords:shadowsting",
  "advancement": "simplyswords:shadowsting",
  "category": "simplyswords:category_unique_weapons",
  "pages": [
    {
      "type": "patchouli:spotlight",
      "item": "simplyswords:shadowsting",
      "text": "Теневое жало — это тонкая рапира, пропитанная силой теней. Уникальная способность рапиры позволяет наносить противникам магический урон зависящий от их брони, и пробивать даже самые прочные доспехи."
    },
    {
      "type": "patchouli:text",
      "text": "Рапира также способна создавать теневой туман, который затуманивает зрение противника; эта способность называется Туман теней. Владелец рапиры может использовать туман для дезориентации противника, обеспечивая себе стратегическое преимущество в бою."
    }
  ]
}