{
  "name": "Пылающее топорище",
  "icon": "simplyswords:molten_edge",
  "advancement": "simplyswords:molten_edge",
  "category": "simplyswords:category_unique_weapons",
  "pages": [
    {
      "type": "patchouli:spotlight",
      "item": "simplyswords:molten_edge",
      "text": "Пылающее топорище — это свирепый топор, дающий своему владельцу повышенную силу и быстроту при получении ранений. По мере того как владелец получает повреждения, топор становится всё мощнее, позволяя ему наносить более сильные и быстрые удары в бою."
    },
    {
      "type": "patchouli:text",
      "text": "Кроме того, при использовании топор способен издавать мощные боевые кличи, значительно ускоряющие движения владельца и позволяющие ему быстро приближаться к противнику. Считается, что топор выкован из расплавленной лавы, и от него исходит огненная аура. Это оружие идеально подходит для воинов, желающих яростно сражаться в бою и преодолевать любые невзгоды."
    }
  ]
}