{
  "name": "Страж",
  "icon": "simplyswords:runic_tablet",
  "category": "simplyswords:category_rune_etching",
  "pages": [
    {
      "type": "patchouli:spotlight",
      "item": "simplyswords:runic_tablet",
      "title": "Страж",
      "text": "Страж — это мощная, но рискованная способность, позволяющая владельцу создать временный щит для защиты от входящих атак. При активации способности владелец жертвует половиной своего здоровья, чтобы создать вокруг себя пульсирующий энергетический барьер, поглощающий получаемый урон."
    },
    {
      "type": "patchouli:text",
      "text": "Действие щита длится шесть секунд и периодически пульсирует, создавая новый слой поглощения с каждым импульсом. Сила щита зависит от количества оставшегося здоровья, что делает его мощным средством защиты для тех, кто готов рискнуть."
    }
  ]
}