{
  "name": "Импульс",
  "icon": "simplyswords:runic_tablet",
  "category": "simplyswords:category_rune_etching",
  "pages": [
    {
      "type": "patchouli:spotlight",
      "item": "simplyswords:runic_tablet",
      "title": "Импульс",
      "text": "Импульс — это руническая сила, наделяющая оружие владельца $(#389fff)$(l)сущностью массы и скорости$(). $(br2)Она создаёт импульс, который толкает владельца вперёд."
    },
    {
      "type": "patchouli:text",
      "text": "Всплеск энергии, создаваемый Импульсом, может быть использован в бою, позволяя владельцу быстро преодолевать расстояние и атаковать цель."
    }
  ]
}