{
  "name": "Дикое пламя",
  "icon": "simplyswords:runic_tablet",
  "category": "simplyswords:category_rune_etching",
  "pages": [
    {
      "type": "patchouli:spotlight",
      "item": "simplyswords:runic_tablet",
      "title": "Дикое пламя",
      "text": "Дикое пламя — это руническая сила, наделяющая оружие владельца $(#d1422c)$(l)сущностью огня$(). $(br2)При атаке есть вероятность поджечь всех врагов того же вида поблизости, что и атакуемая цель."
    },
    {
      "type": "patchouli:text",
      "text": "Дикое пламя — мощная руническая сила, способная нарушить ход боя и дать владельцу стратегическое преимущество. $(br2)Она идеально подходит для персонажей, ориентированных на нанесение большого урона в течение долгого времени, таких как пироманты, маги и призыватели."
    }
  ]
}