{
  "name": "Каменная кожа",
  "icon": "simplyswords:runic_tablet",
  "category": "simplyswords:category_rune_etching",
  "pages": [
    {
      "type": "patchouli:spotlight",
      "item": "simplyswords:runic_tablet",
      "title": "Каменная кожа",
      "text": "Каменная кожа — это руническая сила, наделяющая оружие владельца $(#916f49)$(l)сущностью земли и камня$(). $(br2)При атаке есть вероятность получить эффекты \"Сопротивление\" и \"Огнестойкость\" ценой скорости."
    },
    {
      "type": "patchouli:text",
      "text": "Каменная кожа — это мощная руническая сила, которая может дать владельцу преимущество в бою, увеличивая его живучесть. $(br2)Снижение скорости может быть недостатком для персонажей, которые полагаются на скорость и мобильность, но повышенное сопротивление может компенсировать это в некоторых ситуациях"
    }
  ]
}