{
  "name": "Замедление",
  "icon": "simplyswords:runic_tablet",
  "category": "simplyswords:category_rune_etching",
  "pages": [
    {
      "type": "patchouli:spotlight",
      "item": "simplyswords:runic_tablet",
      "title": "Замедление",
      "text": "Замедление — это руническая сила, наделяющая оружие владельца $(#87185d)$(l)сущностью лени и оцепенения$(). $(br2)При каждом удачном попадании она даёт шанс замедлить скорость передвижения цели."
    },
    {
      "type": "patchouli:text",
      "text": "Замедление — мощная руническая сила, способная нарушить ход боя и дать владельцу стратегическое преимущество. $(br2)Она идеально подходит для персонажей, использующих тактику \"бей и беги\", поскольку позволяет им замедлить преследующих и быстро уйти от погони."
    }
  ]
}