{
  "name": "Пламенный шаг",
  "icon": "simplyswords:runic_tablet",
  "category": "simplyswords:category_rune_etching",
  "pages": [
    {
      "type": "patchouli:spotlight",
      "item": "simplyswords:runic_tablet",
      "title": "Пламенный шаг",
      "text": "Пламенный шаг — это руническая сила, наделяющая оружие владельца $(#bf4117)$(l)сущностью огня$(). $(br2)При атаке есть вероятность получить эффект \"Скорость\" и поджечь себя."
    },
    {
      "type": "patchouli:text",
      "text": "Пламенный шаг может быть полезен в сражениях с противниками, которые полагаются на скорость и мобильность, поскольку повышенная скорость позволяет владельцу догнать их. $(br2)Эффект от огня может быть недостатком для персонажей с недостаточной защитой, но повышенная скорость может компенсировать его в некоторых ситуациях."
    }
  ]
}