{
  "name": "Активная оборона",
  "icon": "simplyswords:runic_tablet",
  "category": "simplyswords:category_rune_etching",
  "pages": [
    {
      "type": "patchouli:spotlight",
      "item": "simplyswords:runic_tablet",
      "title": "Активная оборона",
      "text": "Активная оборона — это руническая сила, наделяющая оружие владельца $(#389fff)$(l)сущностью защиты$(). $(br2)Она даёт владельцу возможность периодически выпускать стрелы в ближайших врагов, пока у него есть стрелы в инвентаре."
    },
    {
      "type": "patchouli:text",
      "text": "Помните, что эта способность требует наличия стрел в инвентаре владельца. Если у владельца закончатся стрелы, способность деактивируется, и ему придётся пополнить запасы, прежде чем он сможет использовать её снова. $(br2)Она идеально подходит для персонажей, которые полагаются на кайтинг и контроль врагов, так как стрелы могут держать их на расстоянии, пока владелец меняет позиции на более удобную."
    }
  ]
}