{
  "name": "Жертвоприношение",
  "icon": "simplyswords:runic_tablet",
  "category": "simplyswords:category_rune_etching",
  "pages": [
    {
      "type": "patchouli:spotlight",
      "item": "simplyswords:runic_tablet",
      "title": "Жертвоприношение",
      "text": "Жертвоприношение создаёт мощную ауру священного огня. В активном состоянии эта аура периодически наносит урон ближайшим противникам, испепеляя их праведным пламенем. Урон зависит от текущего уровня здоровья владельца."
    },
    {
      "type": "patchouli:text",
      "text": "Однако за эту мощную способность приходится расплачиваться — обладатель оружия с рунической силой Жертвоприношение так же будет получать урон, но в меньшем объёме."
    }
  ]
}