{
  "name": "Пронзание",
  "icon": "simplyswords:runic_tablet",
  "category": "simplyswords:category_rune_etching",
  "pages": [
    {
      "type": "patchouli:spotlight",
      "item": "simplyswords:runic_tablet",
      "title": "Пронзание",
      "text": "Пронзание — это руническая сила, наделяющая оружие владельца $(#389fff)$(l)сущностью магии$(). $(br2)Она даёт оружию возможность выплёскивать мощную магическую энергию при поражении врагов."
    },
    {
      "type": "patchouli:text",
      "text": "Магический урон, наносимый Пронзанием, часто непредсказуем и имеет тенденцию уменьшаться по мере того, как оружие теряет прочность. Поэтому не следует забывать ремонтировать оружие, которое имеет руническую силу Пронзание."
    }
  ]
}