{
  "name": "Нестабильность",
  "icon": "simplyswords:runic_tablet",
  "category": "simplyswords:category_rune_etching",
  "pages": [
    {
      "type": "patchouli:spotlight",
      "item": "simplyswords:runic_tablet",
      "title": "Нестабильность",
      "text": "Нестабильность — это руническая сила, наделяющая оружие владельца $(#9243a3)$(l)сущностью хаоса$(). $(br2)Периодически даёт владельцу случайный эффект."
    },
    {
      "type": "patchouli:text",
      "text": "Не забывайте, что эта сила очень непредсказуема и может иметь и негативные последствия. $(br2)Она идеально подходит для игроков, которым нравится рисковать и удивляться результату, но не рекомендуется для игроков, предпочитающих постоянство в бою."
    }
  ]
}