{
  "name": "Слабость",
  "icon": "simplyswords:runic_tablet",
  "category": "simplyswords:category_rune_etching",
  "pages": [
    {
      "type": "patchouli:spotlight",
      "item": "simplyswords:runic_tablet",
      "title": "Слабость",
      "text": "Слабость — это руническая сила, наделяющая оружие владельца $(#87185d)$(l)сущностью упадка$(). $(br2)При атаке есть вероятность наложить на врага эффекты \"Слабость\" и \"Замедление\"."
    },
    {
      "type": "patchouli:text",
      "text": "Слабость — это мощная руническая сила, позволяющая владельцу получить преимущество в бою за счет замедления и ослабления цели. $(br2)Она идеально подходит для персонажей, ориентированных на бой в ближнем бою, поскольку позволяет им наносить больше ударов и снижать эффективность атак цели."
    }
  ]
}