{
  "name": "Скорость",
  "icon": "simplyswords:runic_tablet",
  "category": "simplyswords:category_rune_etching",
  "pages": [
    {
      "type": "patchouli:spotlight",
      "item": "simplyswords:runic_tablet",
      "title": "Скорость",
      "text": "Скорость — это руническая сила, наделяющая оружие владельца $(#389fff)$(l)сущностью скорости и ловкости$(). $(br2)При атаке есть вероятность получить эффект \"Скорость\"."
    },
    {
      "type": "patchouli:text",
      "text": "Скорость — это мощная руническая сила, которая может дать владельцу значительное преимущество в бою. $(br2)Она идеально подходит для персонажей, полагающихся на мобильность и скорость, таких как разбойники, рейнджеры и монахи, которые могут использовать эту силу, чтобы опережать врагов и наносить быстрые удары."
    }
  ]
}