{
  "name": "Игольница",
  "icon": "simplyswords:runic_tablet",
  "category": "simplyswords:category_rune_etching",
  "pages": [
    {
      "type": "patchouli:spotlight",
      "item": "simplyswords:runic_tablet",
      "title": "Игольница",
      "text": "Игольница — это руническая сила, наделяющая оружие владельца $(#d1422c)$(l)сущностью отомщения$(). $(br2)Эта сила даёт оружию способность наносить дополнительный урон противникам в зависимости от количества стрел, застрявших в теле владельца."
    },
    {
      "type": "patchouli:text",
      "text": "С помощью Игольницы владелец становится смертоносным для своих врагов, побуждая атакующих в дальнем бою дважды подумать, прежде чем стрелять в него. Чем больше стрел попадает во владельца, тем мощнее становятся его удары, что делает его ещё более опасным в бою."
    }
  ]
}