{
  "name": "Морозный страж",
  "icon": "simplyswords:runic_tablet",
  "category": "simplyswords:category_rune_etching",
  "pages": [
    {
      "type": "patchouli:spotlight",
      "item": "simplyswords:runic_tablet",
      "title": "Морозный страж",
      "text": "Морозный страж — это руническая сила, наделяющая оружие владельца $(#38caff)$(l)сущностью холода и льда$(). $(br2)Она периодически выстреливает в ближайших врагов снежками, замедляющими врагов."
    },
    {
      "type": "patchouli:text",
      "text": "Морозный страж — это идеальный выбор для тех, кто предпочитает более оборонительный стиль игры, так как он позволяет легко контролировать поле боя."
    }
  ]
}