{
  "name": "Левитация",
  "icon": "simplyswords:runic_tablet",
  "category": "simplyswords:category_rune_etching",
  "pages": [
    {
      "type": "patchouli:spotlight",
      "item": "simplyswords:runic_tablet",
      "title": "Левитация",
      "text": "Левитация — это руническая сила, наделяющая оружие владельца силой левитации, которая позволяет манипулировать гравитацией и оказывать обратный эффект на врагов. $(br2)Она даёт владельцу возможность поднять врага с земли, лишив его на время возможности двигаться и действовать."
    },
    {
      "type": "patchouli:text",
      "text": "Левитация — мощная руническая сила, способная нарушить ход боя и дать владельцу стратегическое преимущество. $(br2)Она идеально подходит для персонажей, ориентированных на контроль врагов и поддержку, таких как маги, колдуны и призыватели, которые могут использовать эту силу для обездвиживания врагов и предоставления союзникам возможности нанести удар."
    }
  ]
}