{
  "name": "Зефир",
  "icon": "simplyswords:runic_tablet",
  "category": "simplyswords:category_rune_etching",
  "pages": [
    {
      "type": "patchouli:spotlight",
      "item": "simplyswords:runic_tablet",
      "title": "Зефир",
      "text": "Зефир — это руническая сила, наделяющая оружие владельца $(#85a0ab)$(l)сущностью ветра$(). $(br2)При атаке есть вероятность получить эффекты \"Скорость\" и \"Спешка\"."
    },
    {
      "type": "patchouli:text",
      "text": "Зефир идеально подходит для персонажей, ориентированных на нанесение большого урона, таких как воины, варвары и разбойники, которые могут использовать преимущества повышенной скорости атаки и скорости передвижения для нанесения быстрых ударов и уклонения от атак противника."
    }
  ]
}