{
  "name": "Защита",
  "icon": "simplyswords:runic_tablet",
  "category": "simplyswords:category_rune_etching",
  "pages": [
    {
      "type": "patchouli:spotlight",
      "item": "simplyswords:runic_tablet",
      "title": "Защита",
      "text": "Защита — это руническая сила, наделяющая оружие владельца $(#389fff)$(l)сущностью защиты$(). $(br2)Она даёт владльцу шанс получить эффект \"Поглощение\" при каждой успешной атаке."
    },
    {
      "type": "patchouli:text",
      "text": "Защита — это мощная руническая сила, которая даёт владельцу преимущество в бою, защищая его от урона. Она идеально подходит для персонажей, ориентированных на защиту и поглощение урона, таких как воины и паладины. $(br2)Она также может быть полезна персонажам, которые полагаются на сильные удары, поскольку эффект поглощения позволяет им дольше оставаться в бою."
    }
  ]
}