{
  "name": "Заморозка",
  "icon": "simplyswords:runic_tablet",
  "category": "simplyswords:category_rune_etching",
  "pages": [
    {
      "type": "patchouli:spotlight",
      "item": "simplyswords:runic_tablet",
      "title": "Заморозка",
      "text": "Заморозка — это руническая сила, наделяющая оружие владельца $(#38caff)$(l)сущностью холода и льда$(). $(br2)При каждом удачном попадании она даёт шанс замедлить или заморозить цель."
    },
    {
      "type": "patchouli:text",
      "text": "Заморозка — мощная руническая сила, способная нарушить ход боя и дать владельцу стратегическое преимущество. $(br2)Она идеально подходит для персонажей, ориентированных на контроль врагов и поддержку, таких как маги, колдуны и призыватели, которые могут использовать эту силу для обездвиживания врагов и предоставления союзникам возможности нанести удар.
    }
  ]
}