{
  "name": "Инкрустация самоцветов",
  "icon": "simplyswords:netherfused_gem",
  "category": "simplyswords:category_gem_socketing",
  "pages": [
    {
      "type": "patchouli:spotlight",
      "item": "simplyswords:netherfused_gem",
      "text": "Чтобы инкрустировать самоцвет, у вас в инвентаре должны быть как сам самоцвет, так и уникальное оружие с пустым гнездом того же типа (Руническое / Незеритовое)."
    },
    {
      "type": "patchouli:text",
      "text": "Откройте инвентарь, нажмите [ЛКМ] по самоцвету, чтобы привязать (взять) его к курсору. Затем просто нажмите [ЛКМ] по оружию в которое вы хотите инкрустировать самоцвет. Самоцвет исчезнет и будет инкрустирован в уникальное оружие."
    }
  ]
}