{
  "name": "Насыщенный рунами самоцвет",
  "icon": "simplyswords:runefused_gem",
  "category": "simplyswords:category_gem_socketing",
  "pages": [
    {
      "type": "patchouli:spotlight",
      "item": "simplyswords:runefused_gem",
      "text": "Насыщенный рунами самоцвет можно получить путём объединения наделённой силой материю и рунической скрижали в столе кузнеца. После идентификации самоцвет получит случайную силу, заключенную в нём."
    },
    {
      "type": "patchouli:text",
      "text": "Насыщенные рунами самоцветы могут быть инкрустированы в уникальное оружие которое имеет [ Пустое руническое гнездо ]. Эти самоцветы наделены силой, которая проявляет себя только при атаке."
    },
    {
      "type": "patchouli:smithing",
      "recipe": "simplyswords:runefused_gem"
    }
  ]
}