{
  "name": "Наделённая силой материя",
  "icon": "simplyswords:empowered_remnant",
  "category": "simplyswords:category_gem_socketing",
  "pages": [
    {
      "type": "patchouli:spotlight",
      "item": "simplyswords:empowered_remnant",
      "text": "Наделённую силой материю можно получить, переплавив уникальное оружие в печи. Оружие уничтожается, а небольшая часть его силы остаётся в виде наделённой силой материи."
    },
    {
      "type": "patchouli:text",
      "text": "При объединении этого предмета в столе кузнеца с катализатором, таким как руническая скрижаль или незеритовый слиток, образуется самоцвет. Затем эти самоцветы можно вставить в соответствующие гнёзда на уникальном оружии, что позволит наделить его особыми способностями."
    },
    {
      "type": "patchouli:smelting",
      "recipe": "simplyswords:unique_melting"
    }
  ]
}