{
  "name": "Информация о лицензии",
  "icon": "minecraft:writable_book",
  "category": "wildlife:about",
  "read_by_default": true,
  "pages": [
    {
      "title": "Информация о лицензии",
      "type": "patchouli:text",
      "text": "Аудиозаписи пения птиц взяты, отредактированы и смонтированы из различных источников, размещённых на xeno-canto.org по лицензии CC BY-NC-SA 4.0.$(br2)Дополнительные звуковые эффекты взяты с https://www.zapsplat.com.$(br2)Исходный код проекта и неаудио-ресурсы защищены авторским правом."
    }
  ]
}